review,language,product,rating
"ఈ మొబైల్ కెమెరా చాలా స్పష్టంగా ఉంది మరియు బ్యాటరీ ఎక్కువ సమయం వస్తుంది.",Telugu,Samsung Galaxy F54,5.0
"ఈ ఉత్పత్తి నాణ్యత చాలా దారుణంగా ఉంది, వెంటనే పాడైపోయింది.",Telugu,Zebronics Earphones,1.0
"naku ee product chala nachindi, delivery kuda super fast ga vachindi",Telugu (Romanized),Boat Airdopes 141,5.0
"chala darunam ga undi quality, charge pettina on avvatledu",Telugu (Romanized),Intex Powerbank,1.0
"यह फोन बहुत ही शानदार है, इसका डिस्प्ले और कैमरा कमाल का है!",Hindi,OnePlus Nord 3,5.0
"बिल्कुल घटिया क्वालिटी है, एक दिन में ही काम करना बंद कर दिया।",Hindi,Syska LED Bulb,1.0
"bahut accha product hai quality zabardast hai mujhe pasand aaya",Hindi (Romanized),Boult Audio Headset,5.0
"kuch khaas nahi hai average product hai delivery late aayi",Hindi (Romanized),Fire-Boltt Smartwatch,2.5
"romba nalla product, sound bass superaa irukku romba pudichirukku",Tamil (Romanized),Sony Extra Bass,5.0
"indha product seriyilla, rendu naal la odanju pochu",Tamil (Romanized),Noise Buds VS104,1.0
"இந்த மடிக்கணினி மிக விரைவாக வேலை செய்கிறது, தரம் அருமை.",Tamil,Lenovo Ideapad 3,5.0
"tumba chennagi ide product, naanu thumba ishtapattede",Kannada (Romanized),Mi Smart Band 6,5.0
"kettadu quality ide, charge aagalla waste of money",Kannada (Romanized),Ambrane Powerbank,1.0
"ಈ ಉತ್ಪನ್ನ ತುಂಬಾ ಉಪಯುಕ್ತವಾಗಿದೆ ಮತ್ತು ಬೆಲೆಗೆ ತಕ್ಕ ಮೌಲ್ಯ ನೀಡುತ್ತದೆ.",Kannada,Prestige Induction Cooktop,4.5
"valare nallathoru product aanu, njan fully satisfied aanu",Malayalam (Romanized),Boat Stone 180,5.0
"mosham quality, aarkkum recommend cheyyilla",Malayalam (Romanized),Portronics Cable,1.0
"khub bhalo product, shobai k kinte bolbo",Bengali (Romanized),Poco X5,5.0
"khup chhan product ahe, mala khup aavadla",Marathi (Romanized),Bajaj Mixer Grinder,5.0
"bahu saras product chhe, mane bahu gamyu",Gujarati (Romanized),Crompton Ceiling Fan,5.0
"bahut vadiya cheez hai, paisa vasool ho gaya",Punjabi (Romanized),Havells Geyser,5.0
"This laptop has incredible performance and battery life is remarkable.",English,Apple MacBook Air M2,5.0
"Worst purchase experience ever, arrived completely cracked and damaged.",English,Fastrack Reflex Watch,1.0
"Standard delivery within expected timeframe, packaging was adequate.",English,Amazon Basics Mouse,3.0
